Bank,Brand,Address,Latitude,Longitude,OSM_ID,Source,BankGroup
RBC Royal Bank,RBC,443 University Avenue Toronto M5G 2H6,43.6546864,-79.3877875,node_42606800,OpenStreetMap,RBC
RBC,RBC,,43.6790726,-79.3451373,node_48553584,OpenStreetMap,RBC
National Bank,National Bank,,43.6786724,-79.3454732,node_48553736,OpenStreetMap,National Bank
TD,TD,,43.65166,-79.3818522,node_53542712,OpenStreetMap,TD
TD,TD,165 Avenue Road Toronto,43.6746006,-79.3963035,node_60930914,OpenStreetMap,TD
CIBC,CIBC,532 Bloor Street West Toronto,43.6652895,-79.4110785,node_62574880,OpenStreetMap,CIBC
TD,TD,574 Bloor Street West Toronto,43.6650617,-79.412109,node_62574888,OpenStreetMap,TD
TD,TD,180 Dundas Street West,43.6553511,-79.3862549,node_118422310,OpenStreetMap,TD
BMO,BMO,438 University Avenue Toronto,43.6546209,-79.3886431,node_118422987,OpenStreetMap,BMO
CIBC,CIBC,460 University Avenue Toronto M5G1V1,43.6548789,-79.3888261,node_118423294,OpenStreetMap,CIBC
TD,TD,,43.6494869,-79.4206095,node_158694452,OpenStreetMap,TD
CIBC,CIBC,235 Ossington Avenue Toronto,43.6492225,-79.4205494,node_158694453,OpenStreetMap,CIBC
CIBC,CIBC,,43.682619,-79.4200684,node_158713932,OpenStreetMap,CIBC
CIBC,CIBC,268 College Street,43.6581003,-79.4004508,node_207715089,OpenStreetMap,CIBC
RBC,RBC,10 St. Clair Avenue West Toronto,43.688064,-79.3952113,node_209248235,OpenStreetMap,RBC
Scotiabank,Scotiabank,,43.6879606,-79.3938392,node_209248239,OpenStreetMap,Scotiabank
TD,TD,,43.6799847,-79.390951,node_240433358,OpenStreetMap,TD
National Bank,National Bank,747 College Street Toronto M6G 1C5,43.6548046,-79.4198243,node_244885465,OpenStreetMap,National Bank
BMO,BMO,568 College Street Toronto M6G 1B3,43.6555594,-79.4128022,node_245020010,OpenStreetMap,BMO
BMO,BMO,1102 Dundas Street West Toronto,43.649652,-79.4197417,node_245022492,OpenStreetMap,BMO
TD,TD,,43.6608087,-79.3849397,node_246694245,OpenStreetMap,TD
CIBC,CIBC,,43.6605979,-79.3859841,node_246694246,OpenStreetMap,CIBC
RBC,RBC,3609 Lake Shore Boulevard West Etobicoke,43.5938589,-79.5353071,node_247134310,OpenStreetMap,RBC
RBC Royal Bank,RBC,434 King Street West Toronto,43.6457393,-79.3942953,node_249298648,OpenStreetMap,RBC
CIBC,CIBC,Dundas Street West M6P 4A9,43.6569416,-79.4523337,node_252170710,OpenStreetMap,CIBC
CIBC,CIBC,3003 Danforth Avenue East York M4C 1M9,43.6902007,-79.2907173,node_264107462,OpenStreetMap,CIBC
BMO,BMO,,43.6855628,-79.3125376,node_264414083,OpenStreetMap,BMO
RBC,RBC,,43.6857011,-79.313543,node_264826252,OpenStreetMap,RBC
Scotiabank,Scotiabank,,43.6857586,-79.3131857,node_264826384,OpenStreetMap,Scotiabank
Scotiabank,Scotiabank,,43.7055361,-79.312951,node_266540292,OpenStreetMap,Scotiabank
RBC,RBC,,43.7060127,-79.3120812,node_266540327,OpenStreetMap,RBC
TD,TD,,43.6915139,-79.2887998,node_267131374,OpenStreetMap,TD
TD,TD,110 Yonge Street Toronto,43.6502261,-79.3785002,node_273325246,OpenStreetMap,TD
CIBC,CIBC,,43.683539,-79.3234489,node_277040111,OpenStreetMap,CIBC
TD,TD,,43.6840572,-79.3211211,node_277040119,OpenStreetMap,TD
CIBC,CIBC,,43.6763935,-79.3586989,node_277120905,OpenStreetMap,CIBC
RBC,RBC,,43.689507,-79.2966028,node_278103209,OpenStreetMap,RBC
Scotiabank,Scotiabank,,43.6647874,-79.3842539,node_280493846,OpenStreetMap,Scotiabank
RBC Royal Bank,RBC,,43.6727893,-79.3190655,node_280901587,OpenStreetMap,RBC
Scotiabank,Scotiabank,214 Queen Street West Toronto M5V 1Z3,43.6503456,-79.3895418,node_281658965,OpenStreetMap,Scotiabank
CIBC,CIBC,70 King Street East Toronto,43.6497308,-79.3757635,node_281664445,OpenStreetMap,CIBC
BMO,BMO,,43.6526831,-79.3790982,node_281669607,OpenStreetMap,BMO
TD,TD,,43.7039098,-79.4124848,node_288058313,OpenStreetMap,TD
Scotiabank,Scotiabank,,43.6655938,-79.3524652,node_292781390,OpenStreetMap,Scotiabank
RBC Royal Bank,RBC,2 Bloor Street East Toronto,43.6704886,-79.3864652,node_296784683,OpenStreetMap,RBC
TD,TD,,43.7942493,-79.3532308,node_302045075,OpenStreetMap,TD
TD,TD,,43.7542456,-79.3589819,node_302171978,OpenStreetMap,TD
RBC,RBC,1545 Steeles Avenue East North York M2M 3Y7,43.8050589,-79.3841812,node_302417010,OpenStreetMap,RBC
TD,TD,,43.7467178,-79.3851001,node_302473943,OpenStreetMap,TD
TD,TD,,43.7283869,-79.4793307,node_307900372,OpenStreetMap,TD
TD,TD,77 Bloor Street West Toronto M4Y 2T1,43.6694974,-79.3895821,node_308696704,OpenStreetMap,TD
BMO,BMO,,43.6697574,-79.3884078,node_308696746,OpenStreetMap,BMO
TD,TD,1213 Moore Avenue East York M4G 2Z8,43.6968807,-79.3715218,node_314142737,OpenStreetMap,TD
TD,TD,,43.6706574,-79.2978742,node_317428331,OpenStreetMap,TD
RBC,RBC,,43.6703283,-79.2976937,node_317428340,OpenStreetMap,RBC
BMO,BMO,,43.7175222,-79.4550771,node_339550209,OpenStreetMap,BMO
TD,TD,3140 Dufferin Street North York,43.7166351,-79.4563575,node_339550231,OpenStreetMap,TD
BMO,BMO,112 Spadina Avenue Toronto,43.6469768,-79.3959514,node_343270931,OpenStreetMap,BMO
BMO,BMO,,43.6599901,-79.3852164,node_344473395,OpenStreetMap,BMO
BMO,BMO,,43.6637542,-79.3803409,node_344544934,OpenStreetMap,BMO
Scotiabank,Scotiabank,,43.6475489,-79.3840222,node_354971781,OpenStreetMap,Scotiabank
CIBC,CIBC,,43.6475082,-79.3849711,node_354972468,OpenStreetMap,CIBC
Scotiabank,Scotiabank,,43.7899915,-79.1404678,node_357059438,OpenStreetMap,Scotiabank
BMO,BMO,,43.7800957,-79.1376925,node_357061949,OpenStreetMap,BMO
BMO,BMO,,43.7007553,-79.5178518,node_360478992,OpenStreetMap,BMO
RBC,RBC,,43.7001827,-79.5169784,node_361017235,OpenStreetMap,RBC
TD Canada Trust,TD Canada Trust,,43.7569641,-79.5891456,node_364168577,OpenStreetMap,TD
TD,TD,,43.7731254,-79.2824687,node_367105231,OpenStreetMap,TD
BMO,BMO,1500 Royal York Road Etobicoke,43.6923202,-79.5316675,node_370216399,OpenStreetMap,BMO
TD,TD,972 Albion Road Etobicoke M9V 1A7,43.7365424,-79.562431,node_370219557,OpenStreetMap,TD
BMO,BMO,2330 Bloor Street West,43.6503786,-79.4806298,node_371385460,OpenStreetMap,BMO
RBC,RBC,,43.6501286,-79.4802229,node_371385463,OpenStreetMap,RBC
Scotiabank,Scotiabank,2295 Bloor Street West Toronto,43.650381,-79.4790342,node_371385466,OpenStreetMap,Scotiabank
Scotiabank,Scotiabank,,43.7987378,-79.3186401,node_371731574,OpenStreetMap,Scotiabank
RBC Royal Bank,RBC,,43.7982057,-79.3179692,node_371731741,OpenStreetMap,RBC
RBC Royal Bank,RBC,1011 Gerrard Street East,43.6686348,-79.3376544,node_372369978,OpenStreetMap,RBC
TD,TD,,43.6970725,-79.329431,node_372507294,OpenStreetMap,TD
RBC,RBC,,43.6970513,-79.3289613,node_372511421,OpenStreetMap,RBC
Scotiabank,Scotiabank,,43.5834705,-79.6202851,node_378641557,OpenStreetMap,Scotiabank
Scotiabank,Scotiabank,,43.8234343,-79.2486063,node_382898661,OpenStreetMap,Scotiabank
RBC,RBC,,43.8533102,-79.2545474,node_382983845,OpenStreetMap,RBC
RBC,RBC,3601 Highway 7 Markham L3R 0M3,43.8537961,-79.3386791,node_383209919,OpenStreetMap,RBC
CIBC,CIBC,,43.8438061,-79.3872969,node_383238115,OpenStreetMap,CIBC
TD Canada Trust,TD Canada Trust,1054 Centre Street Vaughan,43.8090831,-79.4606847,node_383400245,OpenStreetMap,TD
RBC,RBC,,43.8087485,-79.4626826,node_383400251,OpenStreetMap,RBC
TD,TD,,43.7819096,-79.4953924,node_383405976,OpenStreetMap,TD
RBC,RBC,3300 Steeles Avenue West,43.7930786,-79.5319188,node_383448294,OpenStreetMap,RBC
RBC,RBC,4500 Highway 7,43.784525,-79.5738522,node_383486422,OpenStreetMap,RBC
National Bank,National Bank,2200 Martin Grove Road,43.7516767,-79.5998994,node_383551093,OpenStreetMap,National Bank
CIBC,CIBC,291 Rexdale Boulevard,43.7135655,-79.5812632,node_383551118,OpenStreetMap,CIBC
CIBC,CIBC,201 Lloyd Manor Road,43.675446,-79.5558959,node_383562243,OpenStreetMap,CIBC
CIBC,CIBC,,43.6922167,-79.4672508,node_383629960,OpenStreetMap,CIBC
BMO,BMO,,43.6951096,-79.4520745,node_383630004,OpenStreetMap,BMO
TD Canada Trust,TD Canada Trust,,43.725226,-79.253389,node_385626640,OpenStreetMap,TD
CIBC,CIBC,,43.7684331,-79.3852574,node_386776791,OpenStreetMap,CIBC
Scotiabank,Scotiabank,,43.7184278,-79.3375333,node_387787108,OpenStreetMap,Scotiabank
BMO,BMO,,43.7724995,-79.2510842,node_387788662,OpenStreetMap,BMO
TD,TD,,43.7749137,-79.2410663,node_387788665,OpenStreetMap,TD
Scotiabank,Scotiabank,,43.7061668,-79.3462128,node_387790720,OpenStreetMap,Scotiabank
TD,TD,,43.7062844,-79.3457875,node_387790721,OpenStreetMap,TD
RBC,RBC,,43.7072831,-79.343013,node_387791395,OpenStreetMap,RBC
RBC,RBC,,43.7366607,-79.3441631,node_387792407,OpenStreetMap,RBC
Scotiabank,Scotiabank,,43.7550303,-79.3477813,node_387793132,OpenStreetMap,Scotiabank
Scotiabank,Scotiabank,79 Queen Street East Toronto M5C 1R8,43.6530273,-79.3758591,node_389607948,OpenStreetMap,Scotiabank
CIBC,CIBC,946 Lawrence Avenue East North York,43.7370966,-79.3461756,node_390354859,OpenStreetMap,CIBC
Scotiabank,Scotiabank,,43.7357616,-79.3482945,node_390354861,OpenStreetMap,Scotiabank
Scotiabank,Scotiabank,,43.7682862,-79.3861674,node_390360305,OpenStreetMap,Scotiabank
BMO,BMO,,43.6488521,-79.3808751,node_391005491,OpenStreetMap,BMO
TD,TD,,43.6467933,-79.3790175,node_391011816,OpenStreetMap,TD
TD,TD,,43.7880349,-79.3803176,node_391166245,OpenStreetMap,TD
CIBC,CIBC,143 Ravel Road North York,43.7908724,-79.3670995,node_391174568,OpenStreetMap,CIBC
BMO,BMO,,43.7790945,-79.3639746,node_391181071,OpenStreetMap,BMO
RBC,RBC,,43.7471841,-79.3846424,node_392154393,OpenStreetMap,RBC
BMO,BMO,,43.7076261,-79.3761432,node_392156991,OpenStreetMap,BMO
Scotiabank,Scotiabank,,43.7052463,-79.374783,node_392157018,OpenStreetMap,Scotiabank
BMO,BMO,,43.6534544,-79.3979581,node_393672323,OpenStreetMap,BMO
CIBC,CIBC,1 Fort York Boulevard Toronto M5V 3Y7,43.6402812,-79.3933078,node_393673553,OpenStreetMap,CIBC
RBC,RBC,6 Fort York Boulevard Toronto,43.6407041,-79.3935507,node_393673556,OpenStreetMap,RBC
CIBC,CIBC,245 Carlton Street Toronto,43.664092,-79.368104,node_400705661,OpenStreetMap,CIBC
RBC,RBC,,43.7325011,-79.4554387,node_410375775,OpenStreetMap,RBC
CIBC,CIBC,1700 Wilson Avenue,43.7212822,-79.5112747,node_410375812,OpenStreetMap,CIBC
TD,TD,1593 Wilson Avenue,43.7197068,-79.5108512,node_410375815,OpenStreetMap,TD
Scotiabank,Scotiabank,1593 Wilson Avenue,43.7196372,-79.5111136,node_410375816,OpenStreetMap,Scotiabank
BMO,BMO,2428 Islington Avenue Etobicoke,43.7231322,-79.5600257,node_410376722,OpenStreetMap,BMO
Scotiabank,Scotiabank,,43.768204,-79.4681278,node_410799729,OpenStreetMap,Scotiabank
CIBC,CIBC,,43.7736059,-79.4418592,node_410800476,OpenStreetMap,CIBC
TD,TD,125 The Queensway,43.6304911,-79.4821747,node_411934233,OpenStreetMap,TD
TD,TD,,43.6492514,-79.3724309,node_412345963,OpenStreetMap,TD
BMO,BMO,863 Brown's Line,43.6106977,-79.5476561,node_414983787,OpenStreetMap,BMO
CIBC,CIBC,,43.6951061,-79.62965,node_417226495,OpenStreetMap,CIBC
CIBC,CIBC,,43.7092175,-79.4776609,node_417231073,OpenStreetMap,CIBC
Scotiabank,Scotiabank,,43.7188715,-79.4324175,node_417232561,OpenStreetMap,Scotiabank
CIBC,CIBC,,43.7551419,-79.3600373,node_417729665,OpenStreetMap,CIBC
National Bank,National Bank,,43.840771,-79.2787671,node_428453879,OpenStreetMap,National Bank
CIBC,CIBC,1500 Islington Avenue,43.6624193,-79.5322077,node_429256527,OpenStreetMap,CIBC
Scotiabank,Scotiabank,,43.806541,-79.2215056,node_429659320,OpenStreetMap,Scotiabank
Scotiabank,Scotiabank,,43.7096968,-79.2479783,node_431302420,OpenStreetMap,Scotiabank
TD,TD,,43.6625768,-79.5317888,node_432772911,OpenStreetMap,TD
Scotiabank,Scotiabank,,43.7085545,-79.4758546,node_432774047,OpenStreetMap,Scotiabank
BMO,BMO,,43.6138621,-79.4894314,node_432775824,OpenStreetMap,BMO
CIBC,CIBC,M1K1C6,43.7076523,-79.2681094,node_433542284,OpenStreetMap,CIBC
BMO,BMO,2301 Brimley Road SCARBOROUGH M1S 5B8,43.7978812,-79.2703981,node_436912959,OpenStreetMap,BMO
TD,TD,,43.6153503,-79.6177308,node_471065309,OpenStreetMap,TD
Scotiabank,Scotiabank,,43.6359377,-79.5970028,node_473209027,OpenStreetMap,Scotiabank
CIBC,CIBC,,43.6781395,-79.4429495,node_474961236,OpenStreetMap,CIBC
TD,TD,,43.737582,-79.433765,node_474965307,OpenStreetMap,TD
TD,TD,580 Sheppard Avenue West North York M3H 2S1,43.7562406,-79.4390032,node_474967355,OpenStreetMap,TD
RBC,RBC,,43.7838395,-79.446679,node_474967386,OpenStreetMap,RBC
RBC Royal Bank,RBC,5001 Yonge Street,43.7658464,-79.4116156,node_475444415,OpenStreetMap,RBC
TD,TD,,43.7334424,-79.3457895,node_495302124,OpenStreetMap,TD
BMO,BMO,,43.7466889,-79.2000497,node_495883885,OpenStreetMap,BMO
CIBC,CIBC,,43.7466458,-79.2002035,node_495883889,OpenStreetMap,CIBC
RBC,RBC,,43.679479,-79.4353284,node_502020460,OpenStreetMap,RBC
TD,TD,510 St. Clair Avenue West Toronto,43.6832156,-79.418845,node_502704898,OpenStreetMap,TD
National Bank,National Bank,,43.6766008,-79.4482186,node_502704917,OpenStreetMap,National Bank
BMO,BMO,900 Dufferin Street,43.655154,-79.4338144,node_504687083,OpenStreetMap,BMO
CIBC,CIBC,,43.6522301,-79.3788884,node_515618891,OpenStreetMap,CIBC
Scotiabank,Scotiabank,,43.7270811,-79.4025175,node_517226072,OpenStreetMap,Scotiabank
RBC,RBC,3224 Yonge Street,43.7290201,-79.4033918,node_517226073,OpenStreetMap,RBC
CIBC,CIBC,,43.7300086,-79.4036485,node_517226079,OpenStreetMap,CIBC
BMO,BMO,3320 Yonge Street Toronto,43.73119,-79.4040412,node_517227446,OpenStreetMap,BMO
RBC,RBC,200 Bay Street Toronto,43.6461841,-79.3795289,node_519717323,OpenStreetMap,RBC
Scotiabank,Scotiabank,,43.65144,-79.381623,node_519717391,OpenStreetMap,Scotiabank
TD,TD,2453 Yonge Street Toronto,43.7112702,-79.3990987,node_524114023,OpenStreetMap,TD
TD Canada Trust,TD Canada Trust,,43.7275397,-79.4030839,node_524119577,OpenStreetMap,TD
CIBC,CIBC,,43.6529369,-79.3971788,node_524150961,OpenStreetMap,CIBC
TD Canada Trust,TD Canada Trust,50 Provost Drive North York,43.7698388,-79.371378,node_530274995,OpenStreetMap,TD
CIBC,CIBC,209 Roncesvalles Avenue Toronto M6R 2L5,43.645361,-79.4485152,node_530787065,OpenStreetMap,CIBC
Scotiabank,Scotiabank,,43.6452978,-79.448494,node_530787069,OpenStreetMap,Scotiabank
RBC,RBC,179 Roncesvalles Avenue Toronto M6R 2L5,43.6447523,-79.4482598,node_530789557,OpenStreetMap,RBC
Scotiabank,Scotiabank,,43.6529896,-79.3983556,node_534376180,OpenStreetMap,Scotiabank
CIBC,CIBC,,43.6878836,-79.3942306,node_534453399,OpenStreetMap,CIBC
Scotiabank,Scotiabank,438 Eglinton Avenue West,43.7041319,-79.4114942,node_535008506,OpenStreetMap,Scotiabank
CIBC,CIBC,,43.6996475,-79.4326525,node_535026357,OpenStreetMap,CIBC
TD,TD,,43.7010981,-79.4257714,node_535026380,OpenStreetMap,TD
RBC,RBC,880 Eglinton Avenue West,43.7009203,-79.4266772,node_535026381,OpenStreetMap,RBC
BMO,BMO,3022 Bloor Street West Etobicoke,43.6473827,-79.5119835,node_535036457,OpenStreetMap,BMO
TD,TD,2972 Bloor Street West,43.6480098,-79.5091563,node_535036461,OpenStreetMap,TD
RBC,RBC,414 Spadina Road,43.6884777,-79.4127866,node_538159523,OpenStreetMap,RBC
BMO,BMO,,43.671155,-79.3834663,node_538343125,OpenStreetMap,BMO
BMO,BMO,1200 St. Clair Avenue West Toronto,43.6778012,-79.4444415,node_540594627,OpenStreetMap,BMO
Scotiabank,Scotiabank,,43.7260698,-79.2305537,node_542005029,OpenStreetMap,Scotiabank
TD Canada Trust,TD Canada Trust,,43.7919767,-79.3130712,node_542893742,OpenStreetMap,TD
RBC Royal Bank,RBC,,43.7261397,-79.2317405,node_544542564,OpenStreetMap,RBC
CIBC,CIBC,,43.6890372,-79.3485078,node_558628291,OpenStreetMap,CIBC
RBC Royal Bank,RBC,155 Wellington Street West Toronto,43.6457992,-79.3857642,node_560227429,OpenStreetMap,RBC
TD,TD,,43.7624334,-79.4105427,node_560650174,OpenStreetMap,TD
CIBC,CIBC,,43.7203137,-79.4309907,node_561037783,OpenStreetMap,CIBC
RBC,RBC,,43.7808689,-79.4161676,node_561044360,OpenStreetMap,RBC
BMO,BMO,,43.7462665,-79.2881351,node_561181504,OpenStreetMap,BMO
TD,TD,,43.7972715,-79.4252985,node_568834888,OpenStreetMap,TD
TD,TD,,43.667908,-79.4418697,node_598103301,OpenStreetMap,TD
RBC,RBC,8 Nashville Road,43.844205,-79.6295652,node_599896646,OpenStreetMap,RBC
Scotiabank,Scotiabank,,43.825286,-79.6109148,node_599896657,OpenStreetMap,Scotiabank
BMO,BMO,,43.7841295,-79.2896111,node_618404719,OpenStreetMap,BMO
RBC,RBC,,43.787991,-79.2681572,node_678894032,OpenStreetMap,RBC
TD,TD,7080 Warden Avenue Markham,43.8221952,-79.3257842,node_683617263,OpenStreetMap,TD
RBC Royal Bank,RBC,,43.6598895,-79.3648467,node_691071776,OpenStreetMap,RBC
CIBC,CIBC,,43.6483733,-79.3791523,node_697808714,OpenStreetMap,CIBC
CIBC,CIBC,,43.6483736,-79.3797071,node_701882856,OpenStreetMap,CIBC
CIBC,CIBC,,43.7977623,-79.2727294,node_703555789,OpenStreetMap,CIBC
TD,TD,,43.7330315,-79.2678305,node_705234040,OpenStreetMap,TD
TD Canada Trust,TD Canada Trust,2790 Bathurst Street North York,43.7124469,-79.4283582,node_707392505,OpenStreetMap,TD
TD,TD,1966 Yonge Street Toronto M4S 1Z4,43.6995949,-79.39709,node_708119391,OpenStreetMap,TD
RBC,RBC,1015 Lake Shore Boulevard East Toronto,43.6582871,-79.3291563,node_717893252,OpenStreetMap,RBC
TD,TD,,43.6579475,-79.3279252,node_717893276,OpenStreetMap,TD
TD,TD,,43.6938746,-79.5573211,node_729417903,OpenStreetMap,TD
TD,TD,,43.7080927,-79.4782073,node_729433325,OpenStreetMap,TD
RBC,RBC,,43.7050194,-79.3890851,node_754637551,OpenStreetMap,RBC
BMO,BMO,200 King Street West,43.6476539,-79.3858007,node_766938600,OpenStreetMap,BMO
Scotiabank,Scotiabank,,43.6406229,-79.3777085,node_775939290,OpenStreetMap,Scotiabank
CIBC,CIBC,,43.8077014,-79.3570317,node_777810395,OpenStreetMap,CIBC
CIBC,CIBC,,43.8315704,-79.3069101,node_848374034,OpenStreetMap,CIBC
CIBC,CIBC,3420 Finch Avenue East Scarborough,43.7972954,-79.3153527,node_869732867,OpenStreetMap,CIBC
BMO,BMO,242 Bloor Street West Toronto,43.6682433,-79.3972205,node_871501524,OpenStreetMap,BMO
CIBC,CIBC,,43.5960161,-79.639139,node_900748108,OpenStreetMap,CIBC
BMO,BMO,26 Fort York Boulevard Toronto,43.6403402,-79.3947822,node_902109826,OpenStreetMap,BMO
CIBC,CIBC,,43.7619069,-79.4105779,node_927205344,OpenStreetMap,CIBC
RBC,RBC,,43.6693984,-79.3941592,node_975540390,OpenStreetMap,RBC
BMO,BMO,,43.7739896,-79.5021773,node_1111963337,OpenStreetMap,BMO
TD,TD,,43.6423031,-79.3808879,node_1119452018,OpenStreetMap,TD
CIBC,CIBC,,43.655987,-79.383169,node_1122192882,OpenStreetMap,CIBC
BMO,BMO,1560 Yonge Street Toronto,43.6892417,-79.3947573,node_1122913443,OpenStreetMap,BMO
BMO,BMO,,43.7630573,-79.4109644,node_1125193275,OpenStreetMap,BMO
BMO,BMO,,43.768562,-79.413041,node_1125222068,OpenStreetMap,BMO
BMO,BMO,,43.669261,-79.388357,node_1137828949,OpenStreetMap,BMO
CIBC,CIBC,462 Spadina Road Toronto,43.6894982,-79.4131927,node_1138449976,OpenStreetMap,CIBC
TD,TD,443 Spadina Road Toronto,43.6892939,-79.412794,node_1138450911,OpenStreetMap,TD
BMO,BMO,Toronto,43.6891218,-79.4127025,node_1138451426,OpenStreetMap,BMO
Scotiabank,Scotiabank,2175 Sheppard Avenue East North York,43.774411,-79.331047,node_1186819610,OpenStreetMap,Scotiabank
National Bank,National Bank,,43.7753288,-79.3307577,node_1186819668,OpenStreetMap,National Bank
CIBC,CIBC,,43.775899,-79.32296,node_1186819752,OpenStreetMap,CIBC
RBC,RBC,,43.7066748,-79.3994407,node_1208665799,OpenStreetMap,RBC
BMO,BMO,,43.7038664,-79.4110459,node_1208680689,OpenStreetMap,BMO
CIBC,CIBC,5255 Yonge Street M2N 5P8,43.7720211,-79.4132665,node_1208809978,OpenStreetMap,CIBC
Scotiabank,Scotiabank,,43.7883998,-79.5500804,node_1213477064,OpenStreetMap,Scotiabank
RBC,RBC,,43.6496484,-79.3840066,node_1267302860,OpenStreetMap,RBC
TD,TD,,43.64882,-79.384202,node_1267303511,OpenStreetMap,TD
TD,TD,,43.764756,-79.396899,node_1276104148,OpenStreetMap,TD
TD,TD,61 Hanna Avenue Toronto,43.6395863,-79.4186929,node_1279840928,OpenStreetMap,TD
Scotiabank,Scotiabank,,43.6490727,-79.3800459,node_1279887931,OpenStreetMap,Scotiabank
RBC,RBC,,43.7102313,-79.3630996,node_1291245589,OpenStreetMap,RBC
TD,TD,,43.7117173,-79.3637393,node_1291246471,OpenStreetMap,TD
TD,TD,,43.845661,-79.383308,node_1324407431,OpenStreetMap,TD
CIBC,CIBC,,43.6620735,-79.4259081,node_1329989802,OpenStreetMap,CIBC
CIBC,CIBC,1529 Bayview Avenue Toronto M4G 3B5,43.7046757,-79.3745709,node_1334061682,OpenStreetMap,CIBC
Scotiabank,Scotiabank,,43.7262665,-79.3000047,node_1347346210,OpenStreetMap,Scotiabank
CIBC,CIBC,2 Bloor Street West Toronto,43.670509,-79.387118,node_1366136397,OpenStreetMap,CIBC
TD,TD,,43.6883726,-79.3939871,node_1386870916,OpenStreetMap,TD
Scotiabank,Scotiabank,,43.713818,-79.364739,node_1436756609,OpenStreetMap,Scotiabank
TD,TD,,43.8506401,-79.4082575,node_1444717103,OpenStreetMap,TD
TD,TD,,43.80461,-79.437529,node_1444962315,OpenStreetMap,TD
National Bank,National Bank,,43.802284,-79.293857,node_1459289637,OpenStreetMap,National Bank
CIBC,CIBC,,43.7835255,-79.1699431,node_1502217567,OpenStreetMap,CIBC
TD,TD,,43.649243,-79.393208,node_1518398563,OpenStreetMap,TD
RBC,RBC,,43.619553,-79.485507,node_1518496591,OpenStreetMap,RBC
CIBC,CIBC,2935 Lake Shore Boulevard West,43.6005627,-79.5054003,node_1518516241,OpenStreetMap,CIBC
CIBC,CIBC,1 Eglinton Avenue East Toronto M4P 3A1,43.7066462,-79.3980786,node_1568604688,OpenStreetMap,CIBC
CIBC,CIBC,,43.6512663,-79.3649477,node_1639866939,OpenStreetMap,CIBC
TD,TD,2220 Bloor Street West Toronto,43.6512738,-79.4764461,node_1678689485,OpenStreetMap,TD
Scotiabank,Scotiabank,325 Bamburgh Circle Scarborough M1W 3Y1,43.8146464,-79.3228851,node_1776711527,OpenStreetMap,Scotiabank
TD Canada Trust,TD Canada Trust,2885 Bayview Avenue North York,43.767736,-79.387948,node_1815451424,OpenStreetMap,TD
BMO,BMO,1621 Rutherford Road Vaughan L4K 0C6,43.8419563,-79.4846707,node_1832703784,OpenStreetMap,BMO
BMO,BMO,3737 Major Mackenzie Drive West Vaughan,43.8446569,-79.559888,node_1833643037,OpenStreetMap,BMO
TD,TD,3737 Major Mackenzie Drive West Vaughan L4H 0A2,43.8448342,-79.5586329,node_1833643862,OpenStreetMap,TD
CIBC,CIBC,9360 Bathurst Street Maple L6A 4N9,43.84969,-79.4595916,node_1843023314,OpenStreetMap,CIBC
RBC,RBC,,43.7557595,-79.4381451,node_1846075320,OpenStreetMap,RBC
Scotiabank,Scotiabank,1077 North Service Road Mississauga L4Y 1A6,43.5911249,-79.5767988,node_1857964897,OpenStreetMap,Scotiabank
Scotiabank,Scotiabank,2895 Lake Shore Boulevard West Toronto,43.6008119,-79.504241,node_1861798155,OpenStreetMap,Scotiabank
RBC,RBC,,43.7652844,-79.280337,node_1863193991,OpenStreetMap,RBC
RBC,RBC,,43.6287263,-79.4903627,node_1870666693,OpenStreetMap,RBC
RBC Royal Bank,RBC,1530 Dundas Street East Mississauga,43.612242,-79.5800026,node_1883210273,OpenStreetMap,RBC
BMO,BMO,,43.6009955,-79.5936261,node_1883210290,OpenStreetMap,BMO
TD,TD,1540 Dundas Street East Mississauga,43.6125854,-79.5795337,node_1883210309,OpenStreetMap,TD
Scotiabank,Scotiabank,1825 Dundas Street East Mississauga L4X 2X1,43.6192754,-79.5741062,node_1883299162,OpenStreetMap,Scotiabank
RBC,RBC,290 The West Mall,43.6346909,-79.5620422,node_1888709039,OpenStreetMap,RBC
Scotiabank,Scotiabank,,43.5926232,-79.5705402,node_1906029299,OpenStreetMap,Scotiabank
CIBC,CIBC,,43.641938,-79.6302145,node_1907561713,OpenStreetMap,CIBC
Scotiabank,Scotiabank,628 Sheppard Avenue West North York M3H 2S1,43.7555632,-79.440594,node_1928115616,OpenStreetMap,Scotiabank
BMO,BMO,,43.7554257,-79.441265,node_1928115618,OpenStreetMap,BMO
BMO,BMO,,43.775985,-79.325052,node_1963432914,OpenStreetMap,BMO
CIBC,CIBC,,43.7882717,-79.3305193,node_1966526315,OpenStreetMap,CIBC
TD,TD,,43.591588,-79.5754811,node_2009970371,OpenStreetMap,TD
Scotiabank,Scotiabank,,43.7244956,-79.4540863,node_2018924095,OpenStreetMap,Scotiabank
CIBC,CIBC,2291 Kipling Avenue Etobicoke,43.7287972,-79.573854,node_2045166837,OpenStreetMap,CIBC
RBC,RBC,6205 Airport Road Mississauga L4V 1E1,43.689456,-79.620458,node_2106402043,OpenStreetMap,RBC
TD,TD,,43.7243369,-79.29887,node_2122925729,OpenStreetMap,TD
TD,TD,,43.6504267,-79.3606646,node_2149834598,OpenStreetMap,TD
RBC,RBC,,43.6502981,-79.3720547,node_2164676300,OpenStreetMap,RBC
RBC,RBC,,43.7049522,-79.3750899,node_2172207983,OpenStreetMap,RBC
BMO,BMO,,43.6594959,-79.382534,node_2193108947,OpenStreetMap,BMO
RBC,RBC,382 Yonge Street Toronto M5B 1S9,43.6592714,-79.3824502,node_2193108948,OpenStreetMap,RBC
CIBC,CIBC,,43.65979,-79.435106,node_2201111011,OpenStreetMap,CIBC
TD,TD,,43.6873336,-79.3477844,node_2210110306,OpenStreetMap,TD
BMO,BMO,1293 Bloor Street West Toronto,43.6581787,-79.4430078,node_2286883374,OpenStreetMap,BMO
RBC,RBC,2947 Bloor Street West,43.6478847,-79.5081374,node_2287335954,OpenStreetMap,RBC
Scotiabank,Scotiabank,420 Highway 7 Richmond Hill,43.8429599,-79.3907862,node_2346819648,OpenStreetMap,Scotiabank
TD,TD,,43.8430557,-79.3854461,node_2346822340,OpenStreetMap,TD
BMO,BMO,,43.8445149,-79.3839058,node_2346823388,OpenStreetMap,BMO
BMO,BMO,,43.7785777,-79.4155991,node_2353059138,OpenStreetMap,BMO
TD,TD,250 Wincott Drive Etobicoke M9R 2R5,43.6794414,-79.5470293,node_2365100292,OpenStreetMap,TD
RBC Royal Bank,RBC,101 Dundas Street West Toronto,43.6555395,-79.3838982,node_2473918407,OpenStreetMap,RBC
Scotiabank,Scotiabank,1640 Avenue Road,43.7260089,-79.4173416,node_2476496591,OpenStreetMap,Scotiabank
BMO,BMO,,43.7281053,-79.4177207,node_2476507541,OpenStreetMap,BMO
BMO,BMO,,43.6588525,-79.3905557,node_2480722088,OpenStreetMap,BMO
BMO,BMO,605 Rogers Road York,43.6818874,-79.4722402,node_2534750295,OpenStreetMap,BMO
BMO,BMO,,43.7687409,-79.3703248,node_2547436284,OpenStreetMap,BMO
TD Canada Trust,TD Canada Trust,,43.7873547,-79.4176553,node_2547520854,OpenStreetMap,TD
Scotiabank,Scotiabank,1616 Dundas Street West,43.6500362,-79.4358133,node_2558957604,OpenStreetMap,Scotiabank
BMO,BMO,171 East Liberty Street Toronto,43.6385977,-79.4180586,node_2563172135,OpenStreetMap,BMO
CIBC,CIBC,120 Lynn Williams Street Toronto,43.6390652,-79.4172762,node_2563172142,OpenStreetMap,CIBC
RBC,RBC,109 Meadowview Avenue,43.8021006,-79.4206051,node_2604007257,OpenStreetMap,RBC
Scotiabank,Scotiabank,,43.6616593,-79.3378914,node_2626675466,OpenStreetMap,Scotiabank
National Bank,National Bank,311 King Street East,43.6514435,-79.3667121,node_2626678291,OpenStreetMap,National Bank
RBC,RBC,,43.6516755,-79.3657766,node_2626678862,OpenStreetMap,RBC
TD Canada Trust,TD Canada Trust,,43.8250804,-79.3071913,node_2678153135,OpenStreetMap,TD
TD,TD,,43.6646194,-79.3678858,node_2684474616,OpenStreetMap,TD
BMO,BMO,,43.7167193,-79.4288825,node_2704253971,OpenStreetMap,BMO
CIBC,CIBC,,43.8109136,-79.1295923,node_2740152092,OpenStreetMap,CIBC
BMO,BMO,,43.7980282,-79.3180188,node_2755278717,OpenStreetMap,BMO
TD,TD,25 Mill Street Toronto,43.6503024,-79.3611314,node_2765988736,OpenStreetMap,TD
RBC Royal Bank,RBC,1980 St. Clair Avenue West Toronto,43.6723205,-79.4696574,node_2780593061,OpenStreetMap,RBC
BMO,BMO,,43.6658949,-79.4510409,node_2784479085,OpenStreetMap,BMO
TD,TD,,43.6761736,-79.450168,node_2792733118,OpenStreetMap,TD
TD,TD,2561 Victoria Park Avenue Scarborough M1T 1A4,43.7738881,-79.3218173,node_2794019048,OpenStreetMap,TD
CIBC,CIBC,,43.7936393,-79.4467499,node_2798915701,OpenStreetMap,CIBC
Scotiabank,Scotiabank,,43.8099977,-79.4516341,node_2798925401,OpenStreetMap,Scotiabank
Scotiabank,Scotiabank,,43.6558281,-79.3891346,node_2806287602,OpenStreetMap,Scotiabank
TD,TD,,43.6437904,-79.4196726,node_2848631101,OpenStreetMap,TD
RBC Royal Bank,RBC,,43.6426785,-79.4273674,node_2848637832,OpenStreetMap,RBC
RBC,RBC,1103A Yonge Street,43.6802637,-79.3905197,node_2869612782,OpenStreetMap,RBC
BMO,BMO,3643 Cawthra Road Mississauga L5A 2Y5,43.6074577,-79.6175386,node_2871318122,OpenStreetMap,BMO
CIBC,CIBC,4914 Dundas Street West Etobicoke M9A 1B5,43.6490437,-79.5288912,node_2883532663,OpenStreetMap,CIBC
CIBC,CIBC,,43.7572656,-79.3117499,node_2892352942,OpenStreetMap,CIBC
TD Canada Trust,TD Canada Trust,,43.852751,-79.2553453,node_2908425706,OpenStreetMap,TD
RBC,RBC,,43.7818747,-79.2924602,node_2915315637,OpenStreetMap,RBC
RBC,RBC,,43.6974526,-79.3290692,node_2926923401,OpenStreetMap,RBC
BMO,BMO,,43.7891165,-79.5459653,node_2933625501,OpenStreetMap,BMO
Scotiabank,Scotiabank,,43.8482477,-79.4583305,node_2997101593,OpenStreetMap,Scotiabank
RBC Royal Bank,RBC,3640 Victoria Park Avenue,43.8071001,-79.3382839,node_3016315363,OpenStreetMap,RBC
TD,TD,,43.8130533,-79.3583318,node_3016317737,OpenStreetMap,TD
TD,TD,,43.7792808,-79.3036989,node_3019023144,OpenStreetMap,TD
BMO,BMO,,43.8246786,-79.3522306,node_3046146881,OpenStreetMap,BMO
National Bank,National Bank,500 Highway 7,43.8441267,-79.3862293,node_3066127692,OpenStreetMap,National Bank
TD,TD,3569 Lake Shore Boulevard West M8W 0A7,43.5942395,-79.5337179,node_3107939728,OpenStreetMap,TD
Scotiabank,Scotiabank,,43.6771576,-79.4457461,node_3215285378,OpenStreetMap,Scotiabank
RBC Royal Bank,RBC,1940 Eglinton Avenue East Scarborough,43.7281379,-79.2884117,node_3248253218,OpenStreetMap,RBC
RBC Royal Bank,RBC,,43.787022,-79.4687011,node_3283174869,OpenStreetMap,RBC
TD,TD,,43.7863229,-79.4694878,node_3285162570,OpenStreetMap,TD
RBC,RBC,,43.8252546,-79.2992764,node_3293422694,OpenStreetMap,RBC
Scotiabank,Scotiabank,,43.8246469,-79.3012333,node_3293428518,OpenStreetMap,Scotiabank
RBC Royal Bank,RBC,,43.7530222,-79.3581223,node_3303214139,OpenStreetMap,RBC
National Bank,National Bank,121 King Street West Toronto M5H 3T9,43.6478532,-79.3828241,node_3307875588,OpenStreetMap,National Bank
CIBC,CIBC,,43.7394717,-79.5142184,node_3326486316,OpenStreetMap,CIBC
TD Canada Trust,TD Canada Trust,,43.7402587,-79.512498,node_3326486317,OpenStreetMap,TD
BMO,BMO,,43.7385534,-79.5124739,node_3326486319,OpenStreetMap,BMO
CIBC,CIBC,,43.7117196,-79.5342141,node_3326515984,OpenStreetMap,CIBC
BMO,BMO,,43.6606908,-79.5819433,node_3442199471,OpenStreetMap,BMO
BMO,BMO,,43.7091455,-79.3626229,node_3465493028,OpenStreetMap,BMO
BMO,BMO,,43.7855646,-79.2759225,node_3507799231,OpenStreetMap,BMO
RBC Royal Bank,RBC,,43.7610863,-79.4102926,node_3518382482,OpenStreetMap,RBC
Scotiabank,Scotiabank,,43.651424,-79.3822235,node_3570691994,OpenStreetMap,Scotiabank
TD,TD,,43.6515266,-79.3821112,node_3570691995,OpenStreetMap,TD
RBC,RBC,1571 Sandhurst Circle Scarborough,43.8085468,-79.26924,node_3575722655,OpenStreetMap,RBC
CIBC,CIBC,,43.681857,-79.6133599,node_3590608888,OpenStreetMap,CIBC
CIBC,CIBC,,43.7443245,-79.4868055,node_3594688039,OpenStreetMap,CIBC
RBC Royal Bank,RBC,,43.7452927,-79.4873172,node_3594692222,OpenStreetMap,RBC
TD,TD,,43.7916068,-79.4445088,node_3595344907,OpenStreetMap,TD
RBC,RBC,51 Hanna Avenue Toronto,43.6395528,-79.4197131,node_3603415996,OpenStreetMap,RBC
CIBC,CIBC,,43.6426893,-79.4255079,node_3624207193,OpenStreetMap,CIBC
CIBC,CIBC,,43.7245979,-79.2316125,node_3648181661,OpenStreetMap,CIBC
RBC,RBC,,43.624345,-79.6022662,node_3654360817,OpenStreetMap,RBC
TD,TD,,43.6255584,-79.60545,node_3654360824,OpenStreetMap,TD
CIBC,CIBC,7027 Yonge Street Markham L3T 2A5,43.7989779,-79.4198177,node_3661041755,OpenStreetMap,CIBC
TD,TD,,43.6480332,-79.38166,node_3700500417,OpenStreetMap,TD
National Bank,National Bank,18 York Street Toronto,43.6431862,-79.381921,node_3703089726,OpenStreetMap,National Bank
Scotiabank,Scotiabank,,43.8218844,-79.3500856,node_3718659610,OpenStreetMap,Scotiabank
TD,TD,,43.6224472,-79.4822192,node_3735212948,OpenStreetMap,TD
TD,TD,,43.5923731,-79.6263816,node_3744131798,OpenStreetMap,TD
BMO,BMO,,43.7925456,-79.4481461,node_3750698087,OpenStreetMap,BMO
CIBC,CIBC,2990 Bloor Street West,43.6478473,-79.509931,node_3767658786,OpenStreetMap,CIBC
TD Canada Trust,TD Canada Trust,,43.7533485,-79.3474934,node_3772726145,OpenStreetMap,TD
Scotiabank,Scotiabank,,43.8148855,-79.423655,node_3783958133,OpenStreetMap,Scotiabank
BMO,BMO,2471 St. Clair Avenue West,43.6687335,-79.4837091,node_3841979996,OpenStreetMap,BMO
RBC,RBC,,43.7113373,-79.5661638,node_3843685988,OpenStreetMap,RBC
CIBC,CIBC,,43.6624712,-79.5929102,node_3909534115,OpenStreetMap,CIBC
CIBC,CIBC,666 Burnhamthorpe Road,43.6416489,-79.5762931,node_3931418543,OpenStreetMap,CIBC
Scotiabank,Scotiabank,2080 Queen Street East Toronto,43.6709567,-79.2965085,node_3999406658,OpenStreetMap,Scotiabank
Scotiabank,Scotiabank,,43.6229084,-79.481771,node_4136859714,OpenStreetMap,Scotiabank
RBC,RBC,169 Enterprise Boulevard L3R 0E7,43.8491441,-79.3243234,node_4284794189,OpenStreetMap,RBC
TD,TD,,43.7700885,-79.5461323,node_4288409098,OpenStreetMap,TD
BMO,BMO,,43.8101457,-79.2695148,node_4294677012,OpenStreetMap,BMO
TD,TD,1571 Sandhurst Circle Scarborough,43.8098968,-79.2688331,node_4294685699,OpenStreetMap,TD
Scotiabank,Scotiabank,,43.8356334,-79.2539925,node_4339203661,OpenStreetMap,Scotiabank
BMO,BMO,Dundas Street West Toronto,43.6653274,-79.4649173,node_4391227919,OpenStreetMap,BMO
BMO,BMO,7145 Goreway Drive,43.7164618,-79.6347443,node_4428209390,OpenStreetMap,BMO
TD,TD,425 King Street West,43.6452837,-79.3952549,node_4441188227,OpenStreetMap,TD
Scotiabank,Scotiabank,,43.8071899,-79.2891899,node_4460610037,OpenStreetMap,Scotiabank
Scotiabank,Scotiabank,2 Robert Speck Parkway Mississauga L4Z 1H8,43.5961397,-79.6368374,node_4469353558,OpenStreetMap,Scotiabank
Scotiabank,Scotiabank,4900 Dixie Road Mississauga L4W 2R1,43.6350586,-79.6207298,node_4471962984,OpenStreetMap,Scotiabank
CIBC,CIBC,2800 Skymark Avenue Mississauga L4W 5A6,43.6635159,-79.5935031,node_4480831417,OpenStreetMap,CIBC
BMO,BMO,591 Queen Street West,43.6474762,-79.4018157,node_4487349355,OpenStreetMap,BMO
TD,TD,1870 Bayview Avenue,43.7145872,-79.3779357,node_4536935073,OpenStreetMap,TD
RBC Royal Bank,RBC,,43.6592639,-79.3896985,node_4564428465,OpenStreetMap,RBC
TD,TD,,43.7959915,-79.226108,node_4602952088,OpenStreetMap,TD
Scotiabank,Scotiabank,720 King Street West Toronto M5V 2T3,43.6438332,-79.4039491,node_4636370517,OpenStreetMap,Scotiabank
TD,TD,,43.6454306,-79.5600516,node_4762132792,OpenStreetMap,TD
TD,TD,,43.7946684,-79.5286989,node_4935677777,OpenStreetMap,TD
CIBC,CIBC,,43.7043312,-79.408937,node_5079036920,OpenStreetMap,CIBC
TD,TD,Branch Front Street East Toronto M5E 1T4,43.6490236,-79.3731596,node_5124625223,OpenStreetMap,TD
Scotiabank,Scotiabank,10 Liberty Street Toronto,43.6385901,-79.4200181,node_5165633397,OpenStreetMap,Scotiabank
CIBC,CIBC,,43.6846849,-79.6197439,node_5166314138,OpenStreetMap,CIBC
RBC,RBC,330 Front Street West Toronto M5V 3B7,43.6439711,-79.3907954,node_5189261847,OpenStreetMap,RBC
CIBC,CIBC,,43.7433315,-79.3121751,node_5220252159,OpenStreetMap,CIBC
National Bank,National Bank,,43.6806863,-79.2835896,node_5220291170,OpenStreetMap,National Bank
CIBC,CIBC,7850 Weston Road Vaughan ON,43.790759,-79.5495579,node_5243608022,OpenStreetMap,CIBC
RBC Royal Bank,RBC,,43.846095,-79.3776002,node_5403969870,OpenStreetMap,RBC
RBC Royal Bank,RBC,,43.7880684,-79.3301143,node_5671150473,OpenStreetMap,RBC
RBC,RBC,1104 Albion Road Etobicoke M9V 1A8,43.7368095,-79.566679,node_5705829721,OpenStreetMap,RBC
CIBC,CIBC,1 Queen Street East Toronto,43.6523326,-79.3790455,node_5711491121,OpenStreetMap,CIBC
CIBC,CIBC,595 Bay Street Toronto,43.6560533,-79.3827771,node_5711547221,OpenStreetMap,CIBC
TD,TD,65 Wellesley Street East Toronto M4Y 1G7,43.6655728,-79.3810756,node_5749663523,OpenStreetMap,TD
CIBC,CIBC,,43.7203699,-79.5964191,node_5917075377,OpenStreetMap,CIBC
RBC,RBC,,43.6444298,-79.3680842,node_5927659119,OpenStreetMap,RBC
TD,TD,1677 Avenue Road North York,43.7273707,-79.4173442,node_6195431749,OpenStreetMap,TD
Scotiabank,Scotiabank,2930 Bloor Street West,43.6483943,-79.5073573,node_6306326486,OpenStreetMap,Scotiabank
CIBC,CIBC,1500 Royal York Road,43.6913782,-79.5315474,node_6307474997,OpenStreetMap,CIBC
RBC,RBC,140 La Rose Avenue,43.6855107,-79.5241184,node_6314606871,OpenStreetMap,RBC
Scotiabank,Scotiabank,25 The West Mall,43.6125694,-79.5558251,node_6323375947,OpenStreetMap,Scotiabank
RBC,RBC,,43.683258,-79.5653357,node_6324061449,OpenStreetMap,RBC
TD,TD,500 Rexdale Boulevard,43.7196435,-79.5999129,node_6332297849,OpenStreetMap,TD
CIBC,CIBC,1530 Albion Road,43.7418478,-79.5845989,node_6334199715,OpenStreetMap,CIBC
BMO,BMO,1530 Albion Road,43.7414409,-79.58605,node_6334238415,OpenStreetMap,BMO
Scotiabank,Scotiabank,992 Bloor Street West Toronto,43.6611364,-79.4300741,node_6340806335,OpenStreetMap,Scotiabank
RBC Royal Bank,RBC,972 Bloor Street West Toronto,43.6613644,-79.4291179,node_6340806337,OpenStreetMap,RBC
TD,TD,,43.7488345,-79.5610425,node_6352717358,OpenStreetMap,TD
CIBC,CIBC,,43.7583653,-79.5702084,node_6352773257,OpenStreetMap,CIBC
BMO,BMO,1700 Wilson Avenue,43.7211462,-79.5122289,node_6355483809,OpenStreetMap,BMO
Scotiabank,Scotiabank,,43.6549383,-79.4072595,node_6369148098,OpenStreetMap,Scotiabank
CIBC,CIBC,1911 Finch Avenue West,43.7558625,-79.516167,node_6370602927,OpenStreetMap,CIBC
RBC,RBC,,43.769531,-79.5214985,node_6371265838,OpenStreetMap,RBC
CIBC,CIBC,364 Queen Street West Toronto,43.6490886,-79.3957274,node_6401524459,OpenStreetMap,CIBC
TD,TD,247 Spadina Avenue Toronto,43.6516174,-79.3971634,node_6483208781,OpenStreetMap,TD
TD,TD,2945 Dundas Street West,43.6653399,-79.4673984,node_6491357309,OpenStreetMap,TD
BMO,BMO,1 Promenade Circle,43.8056986,-79.4527714,node_6542536261,OpenStreetMap,BMO
Scotiabank,Scotiabank,1265 York Mills Road M3A 1Z4,43.7605642,-79.3270404,node_6542992470,OpenStreetMap,Scotiabank
Scotiabank,Scotiabank,6464 Yonge Street,43.7964767,-79.4219995,node_6545238877,OpenStreetMap,Scotiabank
BMO,BMO,6464 Yonge Street,43.796222,-79.4212132,node_6545307509,OpenStreetMap,BMO
Scotiabank,Scotiabank,279 King Street East M5A 1K2,43.6513821,-79.3672447,node_6546039653,OpenStreetMap,Scotiabank
Scotiabank,Scotiabank,,43.7200787,-79.6387446,node_6547986965,OpenStreetMap,Scotiabank
RBC,RBC,,43.7193051,-79.6374368,node_6548078847,OpenStreetMap,RBC
BMO,BMO,,43.6512812,-79.364535,node_6548219492,OpenStreetMap,BMO
BMO,BMO,,43.6497461,-79.3744913,node_6548224596,OpenStreetMap,BMO
RBC,RBC,,43.6882411,-79.5884945,node_6554483057,OpenStreetMap,RBC
RBC,RBC,,43.7848603,-79.592223,node_6559074155,OpenStreetMap,RBC
RBC,RBC,,43.7850511,-79.5659843,node_6561283496,OpenStreetMap,RBC
TD,TD,,43.8534358,-79.437411,node_6565345424,OpenStreetMap,TD
BMO,BMO,,43.7057522,-79.3469769,node_6578943810,OpenStreetMap,BMO
CIBC,CIBC,,43.6699595,-79.3391269,node_6579133128,OpenStreetMap,CIBC
Scotiabank,Scotiabank,,43.8131832,-79.3576805,node_6581103248,OpenStreetMap,Scotiabank
TD,TD,,43.7751512,-79.2585139,node_6589755207,OpenStreetMap,TD
Scotiabank,Scotiabank,,43.7762676,-79.2571003,node_6589930740,OpenStreetMap,Scotiabank
BMO,BMO,,43.7575279,-79.2300555,node_6592019129,OpenStreetMap,BMO
CIBC,CIBC,,43.7573495,-79.2299426,node_6592055405,OpenStreetMap,CIBC
TD Canada Trust,TD Canada Trust,,43.750924,-79.4012216,node_6604284843,OpenStreetMap,TD
RBC,RBC,,43.7977397,-79.1519423,node_6612464388,OpenStreetMap,RBC
CIBC,CIBC,,43.8203007,-79.3986733,node_6621398742,OpenStreetMap,CIBC
BMO,BMO,,43.6595175,-79.3475103,node_6685670169,OpenStreetMap,BMO
Scotiabank,Scotiabank,1 Bloor Street East Toronto,43.6700922,-79.386453,node_6777164495,OpenStreetMap,Scotiabank
CIBC,CIBC,,43.7359486,-79.2492443,node_7055876154,OpenStreetMap,CIBC
Scotiabank,Scotiabank,,43.7371379,-79.2501258,node_7055876155,OpenStreetMap,Scotiabank
Scotiabank,Scotiabank,179 Enterprise Boulevard Markham L6G 0A2,43.8495124,-79.3228043,node_7089469480,OpenStreetMap,Scotiabank
TD,TD,8707 Dufferin Street Thornhill L4J 0A2,43.8287159,-79.4792498,node_7120469984,OpenStreetMap,TD
National Bank,National Bank,3175 Rutherford Road,43.8296238,-79.5361331,node_7195274348,OpenStreetMap,National Bank
RBC,RBC,9100 Jane Street Vaughan,43.8299701,-79.5345612,node_7195364073,OpenStreetMap,RBC
RBC,RBC,,43.680558,-79.2883067,node_7528844933,OpenStreetMap,RBC
CIBC,CIBC,,43.6801717,-79.2894776,node_7528906437,OpenStreetMap,CIBC
Scotiabank,Scotiabank,,43.6808332,-79.2853169,node_7528937349,OpenStreetMap,Scotiabank
CIBC,CIBC,10 Disera Drive L4J0A7,43.8112112,-79.4543917,node_7551808698,OpenStreetMap,CIBC
TD,TD,3114 Bathurst Street,43.7195958,-79.4326869,node_7552999950,OpenStreetMap,TD
CIBC,CIBC,,43.7359232,-79.4421048,node_7553558029,OpenStreetMap,CIBC
National Bank,National Bank,,43.7367638,-79.4358427,node_7553595976,OpenStreetMap,National Bank
BMO,BMO,,43.7780799,-79.4699231,node_7553894439,OpenStreetMap,BMO
Scotiabank,Scotiabank,,43.7934496,-79.6241306,node_7557094361,OpenStreetMap,Scotiabank
Scotiabank,Scotiabank,,43.7004466,-79.4288261,node_7557427584,OpenStreetMap,Scotiabank
Scotiabank,Scotiabank,,43.6930444,-79.4627744,node_7559802029,OpenStreetMap,Scotiabank
CIBC,CIBC,,43.6869442,-79.4388305,node_7581382082,OpenStreetMap,CIBC
TD,TD,,43.7985091,-79.3689219,node_7596780475,OpenStreetMap,TD
CIBC,CIBC,,43.7126341,-79.3776874,node_7620480733,OpenStreetMap,CIBC
Scotiabank,Scotiabank,647 Dundas Street East,43.6605298,-79.3601573,node_7685210776,OpenStreetMap,Scotiabank
BMO,BMO,2739 Eglinton Avenue East Scarborough,43.7363786,-79.2482371,node_7745298385,OpenStreetMap,BMO
RBC,RBC,,43.7466219,-79.3854972,node_7751907781,OpenStreetMap,RBC
CIBC,CIBC,,43.7503846,-79.2775379,node_7759217326,OpenStreetMap,CIBC
TD,TD,2263 Yonge Street,43.7070841,-79.3981326,node_7779253324,OpenStreetMap,TD
TD,TD,190 Dundas Street East Toronto M5A 4R6,43.6572497,-79.3744103,node_7879268520,OpenStreetMap,TD
Scotiabank,Scotiabank,,43.7042883,-79.3970492,node_8274233574,OpenStreetMap,Scotiabank
Scotiabank,Scotiabank,,43.6622345,-79.3793488,node_8409985460,OpenStreetMap,Scotiabank
CIBC,CIBC,1102 Wilson Avenue,43.7267037,-79.4826079,node_8851365030,OpenStreetMap,CIBC
TD,TD,,43.7703385,-79.4135005,node_9139972216,OpenStreetMap,TD
BMO,BMO,2183 Queen Street East Toronto M4E 1E5,43.6704938,-79.2973616,node_9196161686,OpenStreetMap,BMO
RBC Royal Bank,RBC,330 Highway 7 Richmond Hill,43.8411031,-79.3988749,node_9214567719,OpenStreetMap,RBC
BMO,BMO,,43.6408802,-79.4019344,node_9236767872,OpenStreetMap,BMO
RBC,RBC,15 Milliken Boulevard Scarborough,43.802991,-79.2944598,node_9530699142,OpenStreetMap,RBC
Scotiabank,Scotiabank,,43.6452457,-79.3643243,node_9573809163,OpenStreetMap,Scotiabank
TD,TD,,43.6453406,-79.3797596,node_10032060524,OpenStreetMap,TD
TD Canada Trust,TD Canada Trust,,43.8262161,-79.3075363,node_10290423185,OpenStreetMap,TD
Scotiabank,Scotiabank,2370 Yonge Street,43.7088582,-79.3991314,node_10573344276,OpenStreetMap,Scotiabank
TD,TD,297 College Street,43.6574531,-79.4016633,node_10722512938,OpenStreetMap,TD
CIBC,CIBC,,43.6685308,-79.3075738,node_10861482051,OpenStreetMap,CIBC
Scotiabank,Scotiabank,,43.825734,-79.277852,node_10888551405,OpenStreetMap,Scotiabank
Scotiabank,Scotiabank,,43.6231154,-79.5184132,node_11000835451,OpenStreetMap,Scotiabank
Scotiabank,Scotiabank,,43.6513346,-79.3799156,node_11429603884,OpenStreetMap,Scotiabank
BMO,BMO,,43.643083,-79.3964723,node_11429923755,OpenStreetMap,BMO
BMO,BMO,,43.6243834,-79.4780018,node_11558612143,OpenStreetMap,BMO
Scotiabank,Scotiabank,35 Cooper Street Toronto,43.6446046,-79.3718601,node_11663577471,OpenStreetMap,Scotiabank
CIBC,CIBC,161 Queens Quay East,43.6444493,-79.3667158,node_11663583533,OpenStreetMap,CIBC
Scotiabank,Scotiabank,5245 Dundas Street West Etobicoke,43.6386676,-79.5374577,node_11681548483,OpenStreetMap,Scotiabank
RBC Royal Bank,RBC,,43.6424397,-79.3817408,node_12026894908,OpenStreetMap,RBC
BMO,BMO,,43.7137299,-79.5574929,node_12042628343,OpenStreetMap,BMO
BMO,BMO,,43.6647886,-79.4121388,node_12044125439,OpenStreetMap,BMO
Scotiabank,Scotiabank,2575 Danforth Avenue Toronto,43.688231,-79.3007671,node_12207903588,OpenStreetMap,Scotiabank
BMO,BMO,,43.7162787,-79.4471587,node_12227783594,OpenStreetMap,BMO
TD,TD,,43.6374813,-79.3990511,node_12318804020,OpenStreetMap,TD
RBC,RBC,,43.7525524,-79.2624599,node_12358054412,OpenStreetMap,RBC
CIBC,CIBC,,43.7249127,-79.4548396,node_12629203494,OpenStreetMap,CIBC
Scotiabank,Scotiabank,420 Dupont Street,43.6737484,-79.4122551,node_12691612465,OpenStreetMap,Scotiabank
RBC,RBC,,43.6611378,-79.5190213,node_12769276876,OpenStreetMap,RBC
Scotiabank,Scotiabank,,43.642575,-79.3952875,node_12823400742,OpenStreetMap,Scotiabank
RBC,RBC,,43.6408835,-79.3783993,node_12849809168,OpenStreetMap,RBC
CIBC,CIBC,,43.6436531,-79.3777562,node_12849837348,OpenStreetMap,CIBC
Banque Scotia,Banque Scotia,200 Applemill Road,43.7956372,-79.5286972,node_12863105650,OpenStreetMap,Scotiabank
BMO,BMO,,43.7945434,-79.5293114,node_12863123246,OpenStreetMap,BMO
CIBC,CIBC,8825 Yonge Street,43.8431834,-79.42928,node_12941633611,OpenStreetMap,CIBC
BMO,BMO,1291 Dupont Street,43.6676957,-79.4429851,node_12972074251,OpenStreetMap,BMO
CIBC,CIBC,,43.6782597,-79.3474001,node_13013615431,OpenStreetMap,CIBC
Scotiabank,Scotiabank,649 Pape Avenue Toronto,43.6787378,-79.344988,node_13013621504,OpenStreetMap,Scotiabank
BMO,BMO,Toronto,43.6783721,-79.3485339,node_13016349406,OpenStreetMap,BMO
TD,TD,480 Danforth Avenue Toronto,43.6781063,-79.3498377,node_13016349413,OpenStreetMap,TD
Scotiabank,Scotiabank,332 Bloor Street West Toronto M5S 1W6,43.6668586,-79.4036872,node_13021914277,OpenStreetMap,Scotiabank
TD,TD,,43.6528118,-79.3562755,node_13124282388,OpenStreetMap,TD
BMO,BMO,,43.8511128,-79.325091,node_13142849795,OpenStreetMap,BMO
RBC Royal Bank,RBC,,43.6533409,-79.3967245,node_13284000227,OpenStreetMap,RBC
RBC Royal Bank,RBC,,43.77641,-79.2500952,node_13370596332,OpenStreetMap,RBC
Scotiabank,Scotiabank,Toronto,43.7759213,-79.2310865,way_33542250,OpenStreetMap,Scotiabank
Scotiabank,Scotiabank,Toronto,43.7585325,-79.2300225,way_33635437,OpenStreetMap,Scotiabank
BMO,BMO,877 Lawrence Avenue East North York,43.7357081,-79.3488004,way_40770172,OpenStreetMap,BMO
TD Canada Trust,TD Canada Trust,,43.8307187,-79.1213528,way_45877514,OpenStreetMap,TD
TD Canada Trust,TD Canada Trust,,43.82632,-79.5583485,way_55055535,OpenStreetMap,TD
Scotiabank,Scotiabank,,43.8505935,-79.535143,way_55055629,OpenStreetMap,Scotiabank
TD,TD,,43.8495953,-79.5350495,way_55055632,OpenStreetMap,TD
Scotiabank,Scotiabank,,43.7478412,-79.2853891,way_56201904,OpenStreetMap,Scotiabank
RBC,RBC,2346 Yonge Street,43.7083303,-79.3991124,way_56525381,OpenStreetMap,RBC
TD,TD,,43.7747638,-79.612058,way_58431294,OpenStreetMap,TD
CIBC,CIBC,1580 The Queensway Etobicoke,43.6180626,-79.5413999,way_58559261,OpenStreetMap,CIBC
CIBC,CIBC,1161 Dundas Street East Mississauga L4Y 2C5,43.6048721,-79.5897178,way_58560248,OpenStreetMap,CIBC
TD,TD,1315 The Queensway,43.6204743,-79.5269727,way_58646442,OpenStreetMap,TD
TD,TD,9200 Bathurst Street Thornhill L4J 8W1,43.8467256,-79.4614836,way_58755171,OpenStreetMap,TD
TD,TD,2038 Kipling Avenue,43.712546,-79.5678734,way_58849187,OpenStreetMap,TD
CIBC,CIBC,136 Rexdale Boulevard,43.7118156,-79.5678076,way_58849210,OpenStreetMap,CIBC
BMO,BMO,1230 The Queensway Etobicoke,43.6218761,-79.5241281,way_59250673,OpenStreetMap,BMO
TD,TD,1048 Islington Avenue,43.6337772,-79.5196359,way_59252730,OpenStreetMap,TD
Scotiabank,Scotiabank,,43.753777,-79.5432207,way_62358790,OpenStreetMap,Scotiabank
RBC,RBC,,43.737689,-79.5659265,way_62360018,OpenStreetMap,RBC
TD,TD,,43.7836832,-79.5721234,way_62363986,OpenStreetMap,TD
CIBC,CIBC,3940 Keele Street North York,43.7636686,-79.4916224,way_66979967,OpenStreetMap,CIBC
RBC,RBC,,43.7935115,-79.3537255,way_73799493,OpenStreetMap,RBC
CIBC,CIBC,5080 Sheppard Avenue East Toronto,43.7939145,-79.240577,way_77754920,OpenStreetMap,CIBC
CIBC,CIBC,,43.7264745,-79.291698,way_90307995,OpenStreetMap,CIBC
BMO,BMO,2454 Yonge Street Toronto,43.7110043,-79.3996653,way_105776077,OpenStreetMap,BMO
TD,TD,55 King Street West Toronto,43.6481738,-79.3807241,way_110166031,OpenStreetMap,TD
TD,TD,1435 Queen Street West,43.6402437,-79.4373604,way_112757859,OpenStreetMap,TD
Scotiabank,Scotiabank,1151 Weston Road York,43.6873865,-79.489303,way_112763181,OpenStreetMap,Scotiabank
Scotiabank,Scotiabank,Toronto,43.770763,-79.1860945,way_114364931,OpenStreetMap,Scotiabank
TD,TD,1511 Bayview Avenue East York M4G 2H5,43.7041384,-79.3743161,way_115174719,OpenStreetMap,TD
CIBC,CIBC,,43.816677,-79.4240664,way_121777759,OpenStreetMap,CIBC
RBC,RBC,4860 Dundas Street West Toronto,43.6501925,-79.5278795,way_130344006,OpenStreetMap,RBC
Scotiabank,Scotiabank,4220 Sheppard Avenue East Scarborough,43.7859905,-79.277715,way_130506403,OpenStreetMap,Scotiabank
TD,TD,,43.705738,-79.3122435,way_135229350,OpenStreetMap,TD
TD,TD,382 Roncesvalles Avenue,43.6505682,-79.450941,way_153301810,OpenStreetMap,TD
CIBC,CIBC,2161 St. Clair Avenue West Toronto,43.6707918,-79.4741503,way_163637937,OpenStreetMap,CIBC
Scotiabank,Scotiabank,8670 Bayview Avenue Richmond Hill L4B 4V9,43.8427822,-79.4087224,way_165789390,OpenStreetMap,Scotiabank
TD,TD,689 Evans Avenue Etobicoke,43.6085351,-79.5566667,way_168798726,OpenStreetMap,TD
Scotiabank,Scotiabank,,43.8448401,-79.5564301,way_172666299,OpenStreetMap,Scotiabank
RBC Royal Bank,RBC,,43.8451601,-79.5543892,way_172666302,OpenStreetMap,RBC
RBC,RBC,,43.8478262,-79.5358534,way_172685003,OpenStreetMap,RBC
BMO,BMO,2194 Lake Shore Boulevard West Etobicoke,43.6233899,-79.4814569,way_174765745,OpenStreetMap,BMO
Scotiabank,Scotiabank,2251 Islington Avenue Etobicoke,43.7153674,-79.5548025,way_177052273,OpenStreetMap,Scotiabank
Scotiabank,Scotiabank,Toronto,43.835831,-79.253242,way_179179675,OpenStreetMap,Scotiabank
BMO,BMO,6023 Steeles Avenue East Toronto,43.836076,-79.252192,way_179179677,OpenStreetMap,BMO
CIBC,CIBC,,43.7927024,-79.6256083,way_179561738,OpenStreetMap,CIBC
TD,TD,2472 Lake Shore Boulevard West Etobicoke M8V 1C9,43.6132075,-79.4899917,way_180683125,OpenStreetMap,TD
National Bank,National Bank,501 Dundas Street West Toronto M5T 1H1,43.6528615,-79.3976592,way_184486986,OpenStreetMap,National Bank
TD Canada Trust,TD Canada Trust,Toronto,43.7884747,-79.2693933,way_185127238,OpenStreetMap,TD
Scotiabank,Scotiabank,3446 Yonge Street Toronto M4N 2N2,43.7340175,-79.4050385,way_188692246,OpenStreetMap,Scotiabank
TD,TD,,43.8284508,-79.541556,way_197174568,OpenStreetMap,TD
CIBC,CIBC,,43.7589725,-79.4654757,way_201704457,OpenStreetMap,CIBC
CIBC,CIBC,97 Laird Drive East York,43.7063848,-79.3614672,way_203172000,OpenStreetMap,CIBC
RBC,RBC,5322 Dundas Street West Etobicoke,43.635459,-79.5414134,way_207635867,OpenStreetMap,RBC
CIBC,CIBC,2219 Bloor Street West Toronto,43.6510021,-79.476,way_210834421,OpenStreetMap,CIBC
Scotiabank,Scotiabank,475 Renforth Drive,43.65123,-79.5790967,way_214981755,OpenStreetMap,Scotiabank
TD,TD,2555 St. Clair Avenue West York,43.667912,-79.4872065,way_215515072,OpenStreetMap,TD
TD,TD,673 Warden Avenue Scarborough,43.705493,-79.2779735,way_226176261,OpenStreetMap,TD
RBC Royal Bank,RBC,1635 Avenue Road North York,43.7260815,-79.4167116,way_229233839,OpenStreetMap,RBC
National Bank,National Bank,1590 Avenue Road,43.7246585,-79.4168905,way_229233843,OpenStreetMap,National Bank
CIBC,CIBC,1623 Avenue Road North York,43.7257152,-79.416657,way_229233844,OpenStreetMap,CIBC
BMO,BMO,1859 Leslie Street North York,43.7545395,-79.3591589,way_230168360,OpenStreetMap,BMO
RBC Royal Bank,RBC,,43.7230694,-79.5988704,way_234058579,OpenStreetMap,RBC
Scotiabank,Scotiabank,,43.8185515,-79.1167401,way_237248924,OpenStreetMap,Scotiabank
TD,TD,,43.6724897,-79.3771773,way_240406951,OpenStreetMap,TD
TD,TD,3115 Kingston Road Toronto,43.727458,-79.2292555,way_246690895,OpenStreetMap,TD
RBC,RBC,Toronto,43.7934393,-79.2394203,way_253709682,OpenStreetMap,RBC
TD,TD,,43.729276,-79.282799,way_259856044,OpenStreetMap,TD
TD,TD,Toronto,43.7615215,-79.226443,way_278027013,OpenStreetMap,TD
RBC,RBC,Toronto,43.7602677,-79.2250365,way_278027014,OpenStreetMap,RBC
CIBC,CIBC,Toronto,43.7698355,-79.1861555,way_278046478,OpenStreetMap,CIBC
CIBC,CIBC,,43.7072307,-79.4535836,way_285346662,OpenStreetMap,CIBC
RBC Royal Bank,RBC,429 College Street Toronto,43.6562815,-79.4072731,way_292086306,OpenStreetMap,RBC
CIBC,CIBC,,43.8084762,-79.5007767,way_323367717,OpenStreetMap,CIBC
TD,TD,299 Port Union Road Toronto M1C 2L3,43.7895466,-79.1404251,way_323556507,OpenStreetMap,TD
RBC,RBC,Toronto,43.835921,-79.2528425,way_325313218,OpenStreetMap,RBC
TD Canada Trust,TD Canada Trust,,43.7852276,-79.6251606,way_333081814,OpenStreetMap,TD
CIBC,CIBC,4256 Sheppard Avenue East Toronto,43.7861555,-79.276445,way_344008298,OpenStreetMap,CIBC
RBC,RBC,865 Milner Avenue Toronto M1B 5N6,43.798703,-79.197197,way_372781214,OpenStreetMap,RBC
CIBC,CIBC,7021 Markham Road Markham L3S 3J9,43.8373515,-79.250539,way_382777657,OpenStreetMap,CIBC
RBC,RBC,,43.7727065,-79.6252719,way_387355216,OpenStreetMap,RBC
Scotiabank,Scotiabank,,43.7451485,-79.6146854,way_389824054,OpenStreetMap,Scotiabank
BMO,BMO,141 Saturn Road,43.6423828,-79.5754862,way_389984496,OpenStreetMap,BMO
RBC Royal Bank,RBC,,43.844565,-79.4095554,way_395161840,OpenStreetMap,RBC
BMO,BMO,,43.7263585,-79.295729,way_421645122,OpenStreetMap,BMO
CIBC,CIBC,1470 Dundas Street East Mississauga,43.6110369,-79.5811251,way_422127129,OpenStreetMap,CIBC
CIBC,CIBC,,43.8456414,-79.5563844,way_436233267,OpenStreetMap,CIBC
CIBC,CIBC,,43.7218805,-79.4560789,way_450839637,OpenStreetMap,CIBC
CIBC,CIBC,641 College Street Toronto M6G 1B5,43.6547022,-79.4152973,way_504119408,OpenStreetMap,CIBC
Scotiabank,Scotiabank,643 College Street Toronto M6G 1B7,43.654736,-79.415679,way_504384292,OpenStreetMap,Scotiabank
CIBC,CIBC,,43.7175769,-79.6363846,way_544681284,OpenStreetMap,CIBC
TD,TD,,43.7194994,-79.6390961,way_544681335,OpenStreetMap,TD
CIBC,CIBC,480 Progress Avenue Toronto M1P 5J1,43.7790954,-79.2608416,way_545741020,OpenStreetMap,CIBC
Scotiabank,Scotiabank,5075 Yonge Street Toronto M2N 6C6,43.7678538,-79.4120404,way_587012151,OpenStreetMap,Scotiabank
TD Canada Trust,TD Canada Trust,1440 Royal York Road Etobicoke M9P 3B1,43.6860883,-79.5288269,way_626513479,OpenStreetMap,TD
TD,TD,3868 Bloor Street West Etobicoke M9B 1L3,43.6411415,-79.5401025,way_657936552,OpenStreetMap,TD
CIBC,CIBC,,43.7523246,-79.5434433,way_659440532,OpenStreetMap,CIBC
BMO,BMO,,43.7845565,-79.59325,way_659632922,OpenStreetMap,BMO
TD,TD,Toronto,43.770975,-79.1859925,way_659958173,OpenStreetMap,TD
CIBC,CIBC,1098 Wilson Avenue,43.72684,-79.4824295,way_660032807,OpenStreetMap,CIBC
RBC,RBC,Lawrence Avenue East,43.7667135,-79.1912215,way_660177722,OpenStreetMap,RBC
CIBC,CIBC,,43.7769375,-79.474925,way_660934804,OpenStreetMap,CIBC
TD,TD,2650 Lawrence Avenue East Toronto,43.7519401,-79.2646772,way_661274984,OpenStreetMap,TD
RBC,RBC,,43.703942,-79.4517765,way_661899309,OpenStreetMap,RBC
RBC Royal Bank,RBC,9300 Bathurst Street Maple,43.8478335,-79.45945,way_662130685,OpenStreetMap,RBC
RBC,RBC,,43.824544,-79.555252,way_662402497,OpenStreetMap,RBC
Scotiabank,Scotiabank,9333 Weston Road,43.8275045,-79.5560475,way_662403017,OpenStreetMap,Scotiabank
CIBC,CIBC,,43.817243,-79.3488185,way_662449547,OpenStreetMap,CIBC
TD,TD,,43.8162215,-79.3484475,way_662449716,OpenStreetMap,TD
CIBC,CIBC,9641 Jane Street Maple L6A 4G5,43.842534,-79.5345825,way_662522924,OpenStreetMap,CIBC
BMO,BMO,2921 Major Mackenzie Drive West,43.849929,-79.534131,way_662523163,OpenStreetMap,BMO
TD,TD,St. Clair Avenue West,43.6805234,-79.4323289,way_662763558,OpenStreetMap,TD
TD,TD,,43.8171995,-79.6014154,way_663382042,OpenStreetMap,TD
TD,TD,4335 Bloor Street West Etobicoke,43.6311539,-79.5759608,way_673025974,OpenStreetMap,TD
Scotiabank,Scotiabank,270 The Kingsway,43.6623056,-79.519594,way_673995476,OpenStreetMap,Scotiabank
RBC,RBC,270 The Kingsway,43.661328,-79.5198797,way_673995479,OpenStreetMap,RBC
Scotiabank,Scotiabank,,43.6310171,-79.5551452,way_673997307,OpenStreetMap,Scotiabank
TD,TD,,43.7086862,-79.5336768,way_677194860,OpenStreetMap,TD
TD,TD,2135 Victoria Park Avenue,43.7574139,-79.3146531,way_699671365,OpenStreetMap,TD
TD,TD,904 Queen Street East,43.6606498,-79.3427176,way_711145196,OpenStreetMap,TD
BMO,BMO,5230 Dundas Street West Etobicoke,43.6407841,-79.5385142,way_1061922674,OpenStreetMap,BMO
BMO,BMO,1 York Gate Boulevard Toronto M3N 3A1,43.758311,-79.5200813,way_1206973324,OpenStreetMap,BMO
RBC,RBC,1800 Sheppard Avenue East North York M2J 5A7,43.7779472,-79.345652,way_1229816872,OpenStreetMap,RBC
TD,TD,1800 Sheppard Avenue East North York M2J 5A7,43.7777309,-79.3459898,way_1229816873,OpenStreetMap,TD
Scotiabank,Scotiabank,416 Spadina Road Toronto,43.6886943,-79.4130632,way_1316550311,OpenStreetMap,Scotiabank
RBC Royal Bank,RBC,,43.8225535,-79.3488447,way_1357781399,OpenStreetMap,RBC
